,base_market,quote_market,hedge_ratio,half_life
0,XTZ-USD,ICP-USD,0.17335226185615155,6.0
1,XTZ-USD,ETC-USD,0.04962162165897151,12.0
2,XTZ-USD,ZEC-USD,0.027163480389003423,6.0
3,ETC-USD,ZEC-USD,0.5471808059372416,21.0
